name, log2FoldChange, pvalue, sequence 
maker-tig00000012_pilon-exonerate_est2genome-gene-0.7-mRNA-1:7,3.25557720299617,0.0327108970933071,ATGGCTGCAGGTCTCTGGGACATTTTAAGGATCCCGGTGGCACAAGCTCTTATTGAGCAAGTTTTAATGGGACATGGAGCATGCATGCTACAACTTTTCATTGAGGCGTTTCGGACGTCAACATTAGTTTTTGAGGTGGGAAGTGGGAATATAAGTATAAAGAGAAACCAGAAAATTTGTGGAGAGTATAGCTTGAACAAGAAATTTGGAACATCAACCAAGACCTCAAATTTCGGAACCTGTAGTTCCATCGTGCTAACTGCTGAGGCGTCAAGAAACCCCTGGTCTCATGCTGTAAAAGAAGAATAG
maker-tig00000012_pilon-exonerate_est2genome-gene-10.0-mRNA-1:1,3.01489510154781,0.0173519739161022,ATGGCAACTAAGAACCCTTTCGATCTCTTGAATTATGATACTGAAGACCCAAATTTGTTTATTACTGCTGCAGAAAAGCAAAAGCTTGAAAAGCCTAAGAAAGCTCCTGCTTCGACTCCAACTCAAGCTCAGCCAGCTAAGTACGCTAAGCTCCCCTCCAAACCATCTCCTCCTGCTCAAGCCGTGAGGGAGGCAAAGAGTGAGGCTGGGCGTGGAGGAGGCCGTGGTACTGGACGTGGTCGTGGACGTGGCGGCAGTGGGTTCAATCGTGATTACAATGTTAGTGATAACTCCAATGGATTTTCAGGAGGTTACAGACCCTCCGAAGAGGGAGAAAGAGGGAAGCAATCAGAAAGGCGTGGCTATGGTAGGCCTCGAGGTTCTTTACGGGGGGGTCACCGTGGTGGTTCTAATGATGGAGAATCTGGAGAAGGGGAACGTCCTCGCAGGCAGTATGATCGCGGCAGTGGGACTGGGCGTGGTAATGAGTTCAAACGCGATGGTGCTGGACGTGTTTTATGTGATTCGAAGTCATCTGTTTATATATCTGATATCTTGGCCAAAATAAGGGAGAACGAAGAAAATGTCCCTGAGAATGATAAGAATGTGGGCACTGAGAAGCAGTCTGGCGAGGAAAATGCTGTGGATGTCAGCAAGGAGAACGCCACAAATGAACCTCCGGAGGAGCCTGAAAATAAGGAGATGACTTTGGAAGAATATGAGAAGATTCTTGAGGAGAAGAGGAAAGCTTTGCTTGCCCTCAAGACTGAAGGAAGGAAAGTTGATGTCAAAGAGTTTGAGTCCATGCAGCAACTTTCAAATAAGAAGAGCAATGATGACATCTTTATCAAACTGGGTTCTGAAAAGGACAAGCGCAAAGATGCTGATAAAGAAGAAAAAGTAAAAAAGTCTGTCAGCATCAATGAGTTCCTGAAGCCAGCCGAAGGGGAGAGGTACTATGGCCCCGGGCGTGGTCGAGGCCGTGGCCGTGGTCCCAGAGGTGGATATGGAGGCAACGCAGCTAGCAATGTGTCAGCCCCCTCGATTGAAGATCCTGGCCACTTTCCCTCTCTGGGTGGCAAGTGA
maker-tig00000012_pilon-exonerate_est2genome-gene-2.13-mRNA-1:2,2.4321681536113,0.0106418711057498,ATGGCCATGTATATTGGATGTATTGAGGATATTGTGATCACTGCTTTGGAGGAATGGGCCAGCATGAACAAGCCAATTGAATTATTGAAAGAGATGGAGATGGTTACATTCAGGGTCTTTTTACTCGTATCTTCATGGGATCTGGATCTGAATCAATTCACTGGAACAGATCAATCCTGGAGGCTCAATTGTGTACTTGCCAGTGCCAAGGCCTGCAGACAACTGCCTAGCAGAAGTAATCAAGCTCCCATTATCTGA
maker-tig00000012_pilon-exonerate_protein2genome-gene-1.27-mRNA-1:1,-3.25788617285404,0.0353400090675065,ATGGAAAATGGAAGAAGATCTCACTCCTCAATGCCTCTTGTTTCCAGGATGGATCATTTGGATTTCATTATGAAGTATTTAGAAGGAAAACGAAGTTTGCAGAAAGGAATGGAAAAGGAACGCATGCCATTAGATTTGGCAATGAGAGAAGCTTACTTCAAAGGGTCGTTGTTGGACAGGGTGACATCTCTTGAACATAGACTTTTTCAGCTATGCTTGGAGTTGGAATCTAGTAGCACTTCAACATCCACATCTGGTTGTGCAACTTCCAGTGTAGGATCCAGATCAGGGCAACCAATATCTCACTCATTACCAACTTTCACCAGCTCAAATCAAGCTCACAAACAAGCATCTCATCAAGCTCTGTTTACCAGGTCTGAAATTCAGGAAGAATCTGAAGCAATATTGCTACAAAAGAAGAAAGATCCAAATCCTCTTAAGGATCAAGTTGGGAACAAAAGAAGCATCAAGAAAGAAAAAACAGGCAAAAGTGGAAAGAAGTTTTACCCTCTTGGTTGCTGTAATCTCAGCTATGCCAGGTTGCAATGA
maker-tig00000012_pilon-exonerate_protein2genome-gene-7.0-mRNA-1:1,-6.55476092267599,0.000124523807982447,ATGGTGAGAGATAACAGGATTCCAAACTTGGCGGACTGGACTCTGAGCGTCACCGTCCTCCTTCAATTACAACACTTTCAAGTTGAAGTTCAACAACCTGAGGAGGAATTGGTTCTCGGTTTTCATAATTTTGGGGAATTTATAAAAGCGTGGAAAGGAGGAAGACAAGAAGTTGCTGTCCCTTTTGTTAAGCATCCAATTGGATTGTGGGACCCAACCGGAATTGTTGAATGTTATGCAACTGTAGGAGCCCGAGAATTGTTTAATGTTATGTGTAGGACCCCAACAGGAATTGCTTCATGTTATGTAAGTGTAGGACCCCAACAGGAATTGTTTAATGTTAAGCATCCAATTGGATGTCAGGAATTGTTTAATCTTTTGTTGGAAGGGAAGAAGTCACGAAGTAGCTCTCTCTTTCGTTGA
maker-tig00000012_pilon-exonerate_protein2genome-gene-7.0-mRNA-1:7,-5.01542548093749,0.00964746216318173,ATGGTGAGAGATAACAGGATTCCAAACTTGGCGGACTGGACTCTGAGCGTCACCGTCCTCCTTCAATTACAACACTTTCAAGTTGAAGTTCAACAACCTGAGGAGGAATTGGTTCTCGGTTTTCATAATTTTGGGGAATTTATAAAAGCGTGGAAAGGAGGAAGACAAGAAGTTGCTGTCCCTTTTGTTAAGCATCCAATTGGATTGTGGGACCCAACCGGAATTGTTGAATGTTATGCAACTGTAGGAGCCCGAGAATTGTTTAATGTTATGTGTAGGACCCCAACAGGAATTGCTTCATGTTATGTAAGTGTAGGACCCCAACAGGAATTGTTTAATGTTAAGCATCCAATTGGATGTCAGGAATTGTTTAATCTTTTGTTGGAAGGGAAGAAGTCACGAAGTAGCTCTCTCTTTCGTTGA
maker-tig00000012_pilon-exonerate_protein2genome-gene-7.0-mRNA-1:9,-4.67121633085563,0.00525685010214934,ATGGTGAGAGATAACAGGATTCCAAACTTGGCGGACTGGACTCTGAGCGTCACCGTCCTCCTTCAATTACAACACTTTCAAGTTGAAGTTCAACAACCTGAGGAGGAATTGGTTCTCGGTTTTCATAATTTTGGGGAATTTATAAAAGCGTGGAAAGGAGGAAGACAAGAAGTTGCTGTCCCTTTTGTTAAGCATCCAATTGGATTGTGGGACCCAACCGGAATTGTTGAATGTTATGCAACTGTAGGAGCCCGAGAATTGTTTAATGTTATGTGTAGGACCCCAACAGGAATTGCTTCATGTTATGTAAGTGTAGGACCCCAACAGGAATTGTTTAATGTTAAGCATCCAATTGGATGTCAGGAATTGTTTAATCTTTTGTTGGAAGGGAAGAAGTCACGAAGTAGCTCTCTCTTTCGTTGA
maker-tig00000015_pilon-exonerate_est2genome-gene-11.19-mRNA-1:17,3.82221929490505,0.0322939934330239,ATGCTTAAACACTTGGCACGAGTCATGGCTATAGATGATGTGGAAAATGTGAATAGATCATGTTACCACAAGCATTGCAACATATGTGTGCTTCAACAACATGCTCCCTTCTTCGACTATGATGACACAATAGAGAATGATCCAAGCTCTTCTACATCAGTGCCTACCATACGGCATACGGTGAGAAAGGATCTTATCATCAGTGACAAGTTTAGCATCTTGTCAGATCATTTATAA
maker-tig00000015_pilon-exonerate_protein2genome-gene-8.16-mRNA-1:2,-3.92720643151547,0.019459675143443,ATGCTCCAAGATAATTATGAAGAGGCAGCTCAAACCTCAAAGCTATTGAGGAGGTTTAGTTACTCTGTCTTGCTAGTGCTGCCCATTAGGATAGATAACCATTCTCCAATAGTCCGTGGCCACTGCTACACATACTCAAGAAAATGCAAGGTTTTCCTGTGCCATCATCCAAGAGAGTGGGCAATGGGGGCATTGGCTATGTAA
maker-tig00000033_pilon-exonerate_est2genome-gene-0.5-mRNA-1:3,-5.5041750551346,0.00279065174324097,ATGGCAAGTCAAAGCGGTTCATCGAGGCGAAGTTTATCAATGGGAAACTTGTCATCGTCGAAGAAAAAAACATCGGAGAATGGAGGTTCCGACTCTGGCCGAAAACTCTTATCATCTTCTCGTCCTTTGGGACTAGCTGGAGAGCGTACTGTGAAGAGGTTGCGGCTGTCAAAGGCCCTGACAGTACCTGAAAGTACAAGCATTTATGAGGCTTGCCGTAGGATGGTTGCTCGTAGGGTTGATGCGTTATTGCTTACTGACTCTAATGCATTACTTTGTGGGATCCTCACAGACAAGGACATAGCAATAAAAGACATAGCAATAAGAGTGATTGCTCGGGAGCTTAATCTAGAGGAGACACCAGTTTCCAAAGTAATGACTAAGAACCCTGTATTTGTTCTTTCTGACACTCTTGCTGTGGAGGCACTCCAGAAGATGGTGCAAGGAAAATTTAGGCACTTGCCTGTTGTAGAGAATGGGGAAGTCATTGCTTTGCTCGATATAGCCAAGTGTTTGTATGATGCTATTGCTCGAATGGAAAGGGCAGCTGAAAAGGGAAAAGCTATTGCTGCAGCTGTTGAAGCTATCAGCACACCAGTTTTAAGTCTATGCTATCTTTTGGGCCGATATGCAGGTCAGAACACGTTCATTGAGACACTTCGAGAGCGTATGTTCAGGCCCTCACTGTCTACTATTATTACAGACAATCCAAAGATTGTAACAGTTTCACCAGATGACACAGTTTTAGCGTCTGCAAAAAAGATGCTTGAATCTCGATTAAGCTCTGCAGTTGTGACAGTTGAAAACAAACCACGTGGGATTCTAACTTCAAAGGATATATTGATGCGGGTAATAGCACAAAATCTGCCTCCAGAGACTACTCTAGTGGAGAAGGTCATGACTCCTAACCCAGAATGCGCAACAGTTGACACACCAATTGTTGATGCTTTGCATACCATGCATGATGGGAAATTTTTACACCTTCCTGTGGTAAATAGAGATGGAGAGATAGTTGCTGTTCTTGATGTACTCCACATTACTCATGCCGCCGTAGCCACAGTAAGTCAAGTTGGGAGTACTTCTGGAATCAATAATGAGGCTGCCACAACAATGATGCAAAAGTTTTGGGATTCTGCAATGGCCTTACCCACCCATGAAGATGATGATGAGACGCGAAGTGATAATTCATTGAAGCTGGCATCTGAAGGAGCAGAGACAGGGAGATCTCTTCCTTATCCTTCATCCAGTATGCCAAATACATTTGGTTTCAAAATACAAGATAAAAGGGGCCGAATGCATAGATTTACTTGTGATACACGGAGTTTGACAGATCTGATAACTGCAATCCTTCAGAGACTGGATGATGACATAGATAGAAACAGCGTGCCTCAAATTCTGTATGAAGATGAAGACCATGACAAAGTTGTATTGGCATCAGACAATGATCTTGCAGCGGCTGTGGAGCATGCAAAATTAGTTGGTTGGAAGGGTTTGAGATTGCATTTAGATTATTCAGGAACACAAAGTCGTCGAAGGGGTTCTGGCTCGGGTTCGGGAAGCTTGGATTATGCTCAGTCTGATGCATGGGCTGCTGCATACAGTGCTGTAGCAGCAGGAGCTGCAGTTGTTGCTGGGCTTAGCTTGTTAGCATACTTGAGGAAAGCCGGGAATTAG
maker-tig00000048_pilon-exonerate_est2genome-gene-5.1-mRNA-1:1,-3.13340136241703,0.0406079505948254,ATGTGGAATGCTGGCCAAACTATTGAGTTTTATCGTGATGGGTCATTTATGCATATTTTTAACAAGGTAGAAATAGGCCAGCTTACTCAAGAACTTGTAACTGAAGATAATACTGTTAATTTGATAGAAAAAAACGGTGCAAATGAGGTTGATAATGGTATTGCTAATTTGGTTAAAGACAATGGTGTAAGTGAAGCTAAAATGATGCTAGAAATGTTGGGTTTAAATTAA
maker-tig00000069_pilon-exonerate_protein2genome-gene-0.0-mRNA-1:6,6.16979055933931,0.00898429931961242,ATGAGTCAGTTGATAGTACCAAATTGGAATCCAAAGCACCAAAGCCAAGAACAAGTCGTAGAAGAAGGCAACAGATCTTCCCACGTGCTCAACCCAAGTAACAGTCATCACTTTGTCCCCATGTCCAACTATGAACTTGCAGGGCTAACATGGGAAAATGGTCAGTTAGTCATGCATGGGCTCAGTGGGCTCCTTCCTACTGCCCCAACAAAGCCAACATGGGGTAGGTCCAGTGACACACTAGAGTCCATTGTCCATCAAGCCACATGCCACAACCAAAAGCAAAACTTCGACTTACTTCGACTTGGCCAGACCCCGACAAACAGGAGTTCCATTGCTGCGTCATCCGGGGGAAACTGGGCGGAAAGCCCTGGTCGATTGCCAGTGGCAACAGCAGCGTTGTTAAAGAAACGGGCACGGTCGGATTCTGATCAATGCAGGAAAAATCTAGGTGGTGGTATTCAAGAAGATAGAGCAGACCGTAGCCCATGTGCTAGTGCTACATTTTGCAGGGACAATGATACAGCCATGATGACTTGGGCTTCCCATGAAACTCCTCAAAGCATGAAGACCGAAACCACCGATAAAGACTCTGCTTGTCATGATGGATCAGAAAACCGAGGTGAAGATATGGAGACCAGACGTGAAACAGGTCGCTCCCACTCCACAAGACGAAGTCAAGCTGCAGCAATTCATAATCTGTCTGAAAGGAGACGAAGAGATAGGATTAATCAAAAGATGAAGACTCTTCAGAAGCTAGTGCCAAATGCAAGTAAGACAGATAAAGCATCAATGCTTGATGAAGTGATTGAATACTTAAAACAACTCCAAGCACAAGTCCAAATGATGAGTATGAGAAGCATGCCTCAGATGATGATGCCTCTAGGAATGCAGCAACATCTTCAAACGTCTCTTTTAGCTCGGATGGGAATGGGAGTTGGGCTAGGAATGGGCATGGGAATGCTTGACATCAACTCCATGGCTCGTAATGCTTCCCAATCTCTTCCTCCTCTCATGCATCCTTCACCAGTCACTGCTCCCACTCCCACATTTCTTCCTCCTACCTTTGTGGCAGCGCCTACGATTCCAACACATGCGGCAGCTCAACTGAATTCAAATGCTGGCTCCAATGCTTCAGTCCCTTTGCCTGATCCGTATTGTGCTTTCCTAGCTCAATCCATGGATATGGACCTCTACAAAAAGATGGCAGCACTGTATCGACCACAAATTAATCAAACCACACGGACAGCAAGCAGTCCATTGCGACCAAACAATGTACAAGAGGATTAA
maker-tig00000078_pilon-exonerate_protein2genome-gene-3.28-mRNA-1:1,4.9234411283063,0.0180307625676146,ATGAAACCACCTTCTCCTTTCAATTTGGCCCCCAAACCCCTCAGAACCACGATTCCACTGACGCAATTCTACAACAATTCTTGCAAATTGGGACCAAGTTTCAAAAGGGTATCTAAACTTGAGCCTCATGTCGCTAAATTCCCAGCCAGCAAAAGCTCTGAGAGTCAAATCCCATTAGTAGCCATTGCCGCAACCAACTCCCAATTGGACAGCGATGTTTTTCAAGGCTCATCTAACAAGTTGGAAGCCATAGAGGAGGACATAGAGAAGGTCATTTATCGATGTCGGTTTTTGACTATTCTGGCTGTTTTTGGGTCTTTAACAGGATCATTTCTTTGTTTCGTCAAGGGTTGCACTTATATTATGTCATCTTTCATGGAATATTTTGTGAATCGTGGCAAAGTGATTTTTTTGCTGGTTGAGGCCATAGGTGAAGATGTCTATCTACTGGGAACAGTAATGCTGGTTTTTGGAATGGGTCTTTATGAGCTCTTTGTCTGCAATCTTGATATAGCAAAATCACAAACAAAGGAAAAGATTTCATCCACATCAAATCTCTTTGGCTTGTTTGCTTTAAAGCAGCATTTTGACCTGATATCAGCATCACGGTCACTAGCATTTCGTGCTTCGCCTACCCCTAAAGATTATTTGAGCAAGCCAGGTCCTCCTTCCGTTAATCTTGATAATAGGTTTACTATAAATCGTTTTAAGAAGATAGAGGGCGAAGCTTTTCGGCCAACAAGTCCTGGTCATAGCCCTGGTGTTGGCCACTACAGCCCGCCATCTGCTCCTTGA
maker-tig00000078_pilon-exonerate_protein2genome-gene-3.28-mRNA-1:2,6.26017987767429,0.000539668820706986,ATGAAACCACCTTCTCCTTTCAATTTGGCCCCCAAACCCCTCAGAACCACGATTCCACTGACGCAATTCTACAACAATTCTTGCAAATTGGGACCAAGTTTCAAAAGGGTATCTAAACTTGAGCCTCATGTCGCTAAATTCCCAGCCAGCAAAAGCTCTGAGAGTCAAATCCCATTAGTAGCCATTGCCGCAACCAACTCCCAATTGGACAGCGATGTTTTTCAAGGCTCATCTAACAAGTTGGAAGCCATAGAGGAGGACATAGAGAAGGTCATTTATCGATGTCGGTTTTTGACTATTCTGGCTGTTTTTGGGTCTTTAACAGGATCATTTCTTTGTTTCGTCAAGGGTTGCACTTATATTATGTCATCTTTCATGGAATATTTTGTGAATCGTGGCAAAGTGATTTTTTTGCTGGTTGAGGCCATAGGTGAAGATGTCTATCTACTGGGAACAGTAATGCTGGTTTTTGGAATGGGTCTTTATGAGCTCTTTGTCTGCAATCTTGATATAGCAAAATCACAAACAAAGGAAAAGATTTCATCCACATCAAATCTCTTTGGCTTGTTTGCTTTAAAGCAGCATTTTGACCTGATATCAGCATCACGGTCACTAGCATTTCGTGCTTCGCCTACCCCTAAAGATTATTTGAGCAAGCCAGGTCCTCCTTCCGTTAATCTTGATAATAGGTTTACTATAAATCGTTTTAAGAAGATAGAGGGCGAAGCTTTTCGGCCAACAAGTCCTGGTCATAGCCCTGGTGTTGGCCACTACAGCCCGCCATCTGCTCCTTGA
maker-tig00000096_pilon-exonerate_protein2genome-gene-1.34-mRNA-1:1,-4.7365026504109,0.0457955289030934,ATGGCCACAGATTTGAACTGGTCAGAACAGTCGTCTCTAGTATCAGCATTTGAATTCATTACTTCTGTGCGCACTACATCAAGAACAGGCACGCCGCTTCCTTCTGCAGTCCCTCAAAGTTCAGCCGAATATCTTCGGAAACTCTTCGGGTTAGTTTCTGAGAGTGCTTTGATTAGTGGTTGTGCCTGTGGTGTTCGTGCAAAAGGCAGGAGCTGGTTTGAAGAATGA
maker-tig00000100_pilon-exonerate_est2genome-gene-2.25-mRNA-1:1,2.97762615534563,0.0450574325613655,ATGGCTGCAAAAGAGGTAACTGTCATAGACAGGTTTTTTTGCATGGAATCGAGTGACAAAGGGACAACTAGGGGTCCTCCCTCGTCCAATAAACTCAATAGACCAGAAGTGTTGGTCAGGCCTCAGGCCCACTTCATGCCCAACAGCCCTGGATTCTGCTTAGTTAAGGGGGTTGAGTTGAGACTTGTCATTTTGCACTTGAGTGGGCAGCAAGGACGCATGTGCACCTGTGGGCCTGAGACTTGGGAGTCATCTGGTCATGAGCACGGTTGTCGTAACGTTTATGGTGACGAGTTAATCTTCGTTTTCTTTAGCCCCAAGCCAATCTCTCCCCTATATATACGCTTCCTATCTCTGCCATCACCTCTGTCGGGTCGCTTTGGTTTTTCTCCCGAGAAAGGAAGAACCCCACTTATTAAACAATACTTTTACCCGCAGGAGAAAGAAAAGCTTTTGTTTTATTTTGTTGATCAGTTGGCTTTGAGTTTTAGGAGGAGGATCAAAGCTAAAGCTAGTATTTGA
maker-tig00000127_pilon-exonerate_protein2genome-gene-3.25-mRNA-1:1,5.32897798825889,0.0118171925024298,ATGGAGATTCTGAGGCAAATCAGGCCCTGCAACACTTCCCAACACATTAGAGATAGCTGCAGCTGGAGCAGTGGTGTTGCTTCCATAGTCCACTCCATTTCTTCCCACACTGGCATTCCCATTCTGCTCACTCAGGGATTGCTGCTGAAGTCCCATATTTACGCTGCTGCAGTTGTGGCTGCTGAGTTGGCAAGGTCTGCGTGGATCCTGGGAACAAGGCAGAAGGCCCTTGGAAATTTGAAGATGGACTCTGGATGCAATGCCATCAGCTTATTGAGGTTGGAGCTTGGCAACAGTGGCATATCGTGGATAGTTTTTCAAGCCCTCTGCAAGTTTGGTGTTTAA
maker-tig00000127_pilon-exonerate_protein2genome-gene-3.25-mRNA-1:2,4.66618522663087,0.0469155809333273,ATGGAGATTCTGAGGCAAATCAGGCCCTGCAACACTTCCCAACACATTAGAGATAGCTGCAGCTGGAGCAGTGGTGTTGCTTCCATAGTCCACTCCATTTCTTCCCACACTGGCATTCCCATTCTGCTCACTCAGGGATTGCTGCTGAAGTCCCATATTTACGCTGCTGCAGTTGTGGCTGCTGAGTTGGCAAGGTCTGCGTGGATCCTGGGAACAAGGCAGAAGGCCCTTGGAAATTTGAAGATGGACTCTGGATGCAATGCCATCAGCTTATTGAGGTTGGAGCTTGGCAACAGTGGCATATCGTGGATAGTTTTTCAAGCCCTCTGCAAGTTTGGTGTTTAA
maker-tig00000127_pilon-exonerate_protein2genome-gene-3.25-mRNA-1:3,4.43023257740618,0.00661018774394699,ATGGAGATTCTGAGGCAAATCAGGCCCTGCAACACTTCCCAACACATTAGAGATAGCTGCAGCTGGAGCAGTGGTGTTGCTTCCATAGTCCACTCCATTTCTTCCCACACTGGCATTCCCATTCTGCTCACTCAGGGATTGCTGCTGAAGTCCCATATTTACGCTGCTGCAGTTGTGGCTGCTGAGTTGGCAAGGTCTGCGTGGATCCTGGGAACAAGGCAGAAGGCCCTTGGAAATTTGAAGATGGACTCTGGATGCAATGCCATCAGCTTATTGAGGTTGGAGCTTGGCAACAGTGGCATATCGTGGATAGTTTTTCAAGCCCTCTGCAAGTTTGGTGTTTAA
maker-tig00000139_pilon-exonerate_est2genome-gene-0.30-mRNA-1:3,3.0862440940817,0.0413545935276143,ATGTCTCAAATCCACTTAAAATCTCCAAAACACTGTGCCAAGCAAGGAATAAGCATTGACAAGTCATACAAGAAATTATTTTTTGCCTTCTCTGCATTTTTTACCTCAGTTTTAGCCTTTATATTCCTTATCTGGCTTGTCCTTCACCCTGAAAAACCACAGTTTTCCCTCAGGGAAGCTGATATCTACCAACTCAATCTCTCTGGCCCTCAGCTTCTCAATTCTTCCATCCAACTCACCCTGCTCTCCAAAAATCCGAATAAAAAAGTTGGCATTTACTACGACGAGTTGCAAGCTTATGCTGCATATAAAGGGCAACAGATAACTGTTGATACCTCTCTTCCTCCTTTCTACCAAGGACATGAAGAAAGCAACCTGTTAACAGCATCTTTAGAGGGAACAGGGCTGCCTGTGGCTTCATCTTTTGGTTATGAAGTTGGACGTGATCAGACTGCTGGGAGAATAGTCCTAAACCTGAAGGTAAAAGGAAAGCTTAGGTGGAAGGTTGGGACTTGGGTTTCTGGCCAATATCGCTTCAATGTCAACTGCATCTCAGTTATGGCCTTTGGACCTACTGCCCCAACAGGTCCTCTGACTTCAAATCAAGGGACTCAATGTTCCACTGCTTTGTGA
maker-tig00000139_pilon-exonerate_est2genome-gene-0.39-mRNA-1:4,5.33100798446119,0.0248833386542941,ATGTTCTTAGCCAGTGGTTTTTCAGAAGTAGCTGCTACATCAGACTTCAACAAATCTTCATTGCTTTCCATAGATCTCAGGTACTCGGTCCAGATAGTGGAGCTAGGGATGCTCTTTCTTTTTGGTAAGCACACAACCAAGGCTCGATTTTCTTCACCATTCCCCACATTCCCTGACGTACTCCGAGCTTCGCAATTTCCCATGGGATGCCCATATCTTCATGATGGAAGAGTAGCACCTTACATGCAGTCAGTTGGCCATTACCTCTTCTTGATTCCACTGGATGTATGA
maker-tig00000144_pilon-exonerate_est2genome-gene-1.44-mRNA-1:1,-3.05422516678604,0.00372932235695288,ATGGATAGAATTAGGATGTCCCGTTTTATTCTGTTCCTTACACTCCTTACTTCTGTTCTCGCGGTTACTTTTGGGGATAGTTCAGCAGATTCCTACTGGCTTCTGAGAATTAAGTCGAAACTAGTTGATTCTGCAGGAGTTCTCGAAAGCTGGTCTCCCGGAGCTCATATATGCAGCTGGAATGGCCTGACATGTTCAGATGATGAAGCTTATGTCATTGGTTTGAACCTATCTGCTTCAAGATTGTCAGGTTCCATTCCGCGTGAGTTCTGGAACCTCGTTTCTCTTGAAACTCTTGACTTATCTATGAATTTTCTCACTGGCTCAATTCCTCCTGAAATTGGACAGCTTCAAAATCTAAGGACACTGCTTCTATATTCAAATAATTTCTCTGGTAAAATTCCTCCAGAGATTGGCCTTTTGAAGAAGTTGCAAGTTCTTAGAATTGGAGATAACATGTTGGCTGGTCAAATTCCACCAAATATTGGGAACTTGACTGAGTTGAGGGTGCTGGGTCTTGCGTATTGCCAATTAAATGGAAGTATTCCTGCAGAGATTGGTAACTTGAAGAATCTGGTATCTCTTGATTTGCAGCAGAACGGTCTCAGTGGCCTCATTCCAACAGAGATTCATGAATGTGAAGAGCTTCAAAATTTTGCTGCATCAAACAACAACCTTGATGGAGAAATCCCTGCTTCCATCGGGAAGCTTAATTCGCTGCAAATTTTGAACTTGGCCAATAACAGCCTTTCTGGAATGATTCCTATTGAGATAAGTCGTCTTTCCAATTTGCAGTATTTGAATTTGCTTGGAAATAGACTAAATGGAGAAATTCCTTCGGAACTAAACCATTTGGTTCAGCTCCGGAAGCTTGACTTGTCCAGTAACAACCTATCAGGGAGCATAGACCTGTTTAATATTCAATTGCAGACTCTTGAAGTTCTAGTTTTGTCTAACAATGCTTTGACAGGTAGCATTCCCAATAACTTTTGCCTTGAGAATTCTAATTTGCAACAACTTTTTCTAGCGCAAAATATGCTCTCTGGAGGATTCCCTTTGGAGCTGCTGAACTGCTTCTCACTCCAGCAACTAGATCTCTCCAACAACAATTTTGAAGGAGAGTTACCACTTAGCATCGACAAATTAGAGAACCTTACAGATCTCCTGCTCAATAACAACAGCTTCAGCGGAAGTCTTCCTCCTGAAATTGGAAACATGAGTAACTTGGAAAATCTTTATCTCTTTGACAACACGATCACAGGTTCAATTCCAGTGGAGATTGGCAAACTGCAGAGTTTGAGCACCATCTACCTCTATGATAACCAGATGTCTGGAACTATACCAATAGAGTTAACAAATTGCACAAGCTTAACTGCTATTGATTTCTTTGGGAACTACTTCAGTGGTTCTATTCCTGAAACGATTGGAAAGCTCAAAAATCTAGTTTTGCTTCAACTAAGGCAGAATGACTTGTCAGGTCCAATTCCACCAAGTTTGGGCTACTGCAAAAAGCTGCAGCAGGTGGCTTTAGCTGATAATAAACTATCAGGGGTCTTGCCTGCAACATTCAGATTCCTTTCTGAACTGAGTACCATTACGCTCTACAACAACTCCTTTGAAGGTCCTCTACCTGAATCACTCACCTTTCTGAGAAAGCTCAAAATAATCAATTTTTCTCACAATAAGTTCAGTGGCACCATCTTTCCCCTCACAGGTTCCAGTTTTTTGACTGCCTTGGACTTAACAAACAACAGCTTCTCAGGTAGCATTCCTTCCAGGCTGTCCATTTCAAAAAATCTACACCGTCTCCGCCTGGCAAATAATCATCTCACTGGCAACATTCCTTCAGAATTAGGCCAACTCAAGGAGCTCACTTTTCTCGATTTATCCTTCAACCATTTAACGGGACAAGTGCCATCTCGACTCTCTACTTGTCGAAAACTTCAGCACATTCTTCTTAACAATAACCAATTCACAGGCAGGATGCCTAGTTGGTTGGGGAGCCTACAAGAACTGGGAGAGCTACATCTTTCTTCCAATAATTTCCACGGACAGGTTCCGGCCGAGCTTGGAAACTGTTCAAGATTGCTTAAGCTTTCTCTTCATACCAATAATCTCTCCGGCGAGATCCCACAGGAGATTGGAGAACTCACTTCTCTCAATGTCCTCAATCTGCAAAGGAACAATCTTTCAGGTTCTATTCCTCCATCGATCCAGCAATGCAAGAAGCTCTATGAAATGAGACTTTCAGAAAACTTCCTCACAGGTTCAATACCATCTGAGATAGGAAAGCTAACTGAACTACAAGTGATCTTGGATCTTAGCAAAAATCTTTTGTCTGGTGAGATTCCATCATCTCTTGGAAATCTTTTGAAATTGGAAAGATTAAATCTGTCTTTCAACCAACTTCAAGGAGAAGTTCCCTCTTCACTTGGAAAACTGACTAGCCTCGACATGCTAAACCTGTCAAATAATCATCTTCAAGGAGAACTTCCTTCTACCTTTTCAGGATTCCCACTTAGTTCTTTCTGGGGTAATGATAAGCTATGCGGCCCACCATTATCATCGTGCATGGATTCAGCGGGTCATGAAAAGAACAGTCTGTCGAGCACTGCAGTTATTTGTATTATAGTGGCCATTGTTTTCACTTCCACAGTTATATGTTTGGTGATGATTTATATCATGTTAAGAATCTGGTGTAATTGGAGGAAAGTTTCAATTTCCAACTCATCAGAAGGTGCCGGCATTGAACAAATTAAAAGAGAAGAGAAATGTATCTATGGAGATGAGAAGAAAAGGAAAGGAGAGTACTGGAGGGTTATGAACTCCATGGCATTGATTCCTTCACAGAATCATGAGAGCATGTCTTCATCATGCATTTTTCACGTTAACATGGATACAAAATAA
maker-tig00000144_pilon-exonerate_est2genome-gene-1.44-mRNA-1:2,-2.60221540526476,0.0111682970139146,ATGGATAGAATTAGGATGTCCCGTTTTATTCTGTTCCTTACACTCCTTACTTCTGTTCTCGCGGTTACTTTTGGGGATAGTTCAGCAGATTCCTACTGGCTTCTGAGAATTAAGTCGAAACTAGTTGATTCTGCAGGAGTTCTCGAAAGCTGGTCTCCCGGAGCTCATATATGCAGCTGGAATGGCCTGACATGTTCAGATGATGAAGCTTATGTCATTGGTTTGAACCTATCTGCTTCAAGATTGTCAGGTTCCATTCCGCGTGAGTTCTGGAACCTCGTTTCTCTTGAAACTCTTGACTTATCTATGAATTTTCTCACTGGCTCAATTCCTCCTGAAATTGGACAGCTTCAAAATCTAAGGACACTGCTTCTATATTCAAATAATTTCTCTGGTAAAATTCCTCCAGAGATTGGCCTTTTGAAGAAGTTGCAAGTTCTTAGAATTGGAGATAACATGTTGGCTGGTCAAATTCCACCAAATATTGGGAACTTGACTGAGTTGAGGGTGCTGGGTCTTGCGTATTGCCAATTAAATGGAAGTATTCCTGCAGAGATTGGTAACTTGAAGAATCTGGTATCTCTTGATTTGCAGCAGAACGGTCTCAGTGGCCTCATTCCAACAGAGATTCATGAATGTGAAGAGCTTCAAAATTTTGCTGCATCAAACAACAACCTTGATGGAGAAATCCCTGCTTCCATCGGGAAGCTTAATTCGCTGCAAATTTTGAACTTGGCCAATAACAGCCTTTCTGGAATGATTCCTATTGAGATAAGTCGTCTTTCCAATTTGCAGTATTTGAATTTGCTTGGAAATAGACTAAATGGAGAAATTCCTTCGGAACTAAACCATTTGGTTCAGCTCCGGAAGCTTGACTTGTCCAGTAACAACCTATCAGGGAGCATAGACCTGTTTAATATTCAATTGCAGACTCTTGAAGTTCTAGTTTTGTCTAACAATGCTTTGACAGGTAGCATTCCCAATAACTTTTGCCTTGAGAATTCTAATTTGCAACAACTTTTTCTAGCGCAAAATATGCTCTCTGGAGGATTCCCTTTGGAGCTGCTGAACTGCTTCTCACTCCAGCAACTAGATCTCTCCAACAACAATTTTGAAGGAGAGTTACCACTTAGCATCGACAAATTAGAGAACCTTACAGATCTCCTGCTCAATAACAACAGCTTCAGCGGAAGTCTTCCTCCTGAAATTGGAAACATGAGTAACTTGGAAAATCTTTATCTCTTTGACAACACGATCACAGGTTCAATTCCAGTGGAGATTGGCAAACTGCAGAGTTTGAGCACCATCTACCTCTATGATAACCAGATGTCTGGAACTATACCAATAGAGTTAACAAATTGCACAAGCTTAACTGCTATTGATTTCTTTGGGAACTACTTCAGTGGTTCTATTCCTGAAACGATTGGAAAGCTCAAAAATCTAGTTTTGCTTCAACTAAGGCAGAATGACTTGTCAGGTCCAATTCCACCAAGTTTGGGCTACTGCAAAAAGCTGCAGCAGGTGGCTTTAGCTGATAATAAACTATCAGGGGTCTTGCCTGCAACATTCAGATTCCTTTCTGAACTGAGTACCATTACGCTCTACAACAACTCCTTTGAAGGTCCTCTACCTGAATCACTCACCTTTCTGAGAAAGCTCAAAATAATCAATTTTTCTCACAATAAGTTCAGTGGCACCATCTTTCCCCTCACAGGTTCCAGTTTTTTGACTGCCTTGGACTTAACAAACAACAGCTTCTCAGGTAGCATTCCTTCCAGGCTGTCCATTTCAAAAAATCTACACCGTCTCCGCCTGGCAAATAATCATCTCACTGGCAACATTCCTTCAGAATTAGGCCAACTCAAGGAGCTCACTTTTCTCGATTTATCCTTCAACCATTTAACGGGACAAGTGCCATCTCGACTCTCTACTTGTCGAAAACTTCAGCACATTCTTCTTAACAATAACCAATTCACAGGCAGGATGCCTAGTTGGTTGGGGAGCCTACAAGAACTGGGAGAGCTACATCTTTCTTCCAATAATTTCCACGGACAGGTTCCGGCCGAGCTTGGAAACTGTTCAAGATTGCTTAAGCTTTCTCTTCATACCAATAATCTCTCCGGCGAGATCCCACAGGAGATTGGAGAACTCACTTCTCTCAATGTCCTCAATCTGCAAAGGAACAATCTTTCAGGTTCTATTCCTCCATCGATCCAGCAATGCAAGAAGCTCTATGAAATGAGACTTTCAGAAAACTTCCTCACAGGTTCAATACCATCTGAGATAGGAAAGCTAACTGAACTACAAGTGATCTTGGATCTTAGCAAAAATCTTTTGTCTGGTGAGATTCCATCATCTCTTGGAAATCTTTTGAAATTGGAAAGATTAAATCTGTCTTTCAACCAACTTCAAGGAGAAGTTCCCTCTTCACTTGGAAAACTGACTAGCCTCGACATGCTAAACCTGTCAAATAATCATCTTCAAGGAGAACTTCCTTCTACCTTTTCAGGATTCCCACTTAGTTCTTTCTGGGGTAATGATAAGCTATGCGGCCCACCATTATCATCGTGCATGGATTCAGCGGGTCATGAAAAGAACAGTCTGTCGAGCACTGCAGTTATTTGTATTATAGTGGCCATTGTTTTCACTTCCACAGTTATATGTTTGGTGATGATTTATATCATGTTAAGAATCTGGTGTAATTGGAGGAAAGTTTCAATTTCCAACTCATCAGAAGGTGCCGGCATTGAACAAATTAAAAGAGAAGAGAAATGTATCTATGGAGATGAGAAGAAAAGGAAAGGAGAGTACTGGAGGGTTATGAACTCCATGGCATTGATTCCTTCACAGAATCATGAGAGCATGTCTTCATCATGCATTTTTCACGTTAACATGGATACAAAATAA
maker-tig00000170_pilon-exonerate_est2genome-gene-0.0-mRNA-1:7,-4.78108073991403,0.0360284650702878,ATGGGAATTTACTCGACGGTGATGGAGTCGGTGGTGGAGGTGACCGGGCTATCCCCAACGGCGTTCTTCACAATACTTGCCATGATGGTGGTTGTCTACAATATAGTGTGCGGCATGTTTCTGGGTCCGGAAGATTTTCGTCAAAAGCCGCAAAAAGAGGCAGTTCAGGTGGGAGATATCACGGAGGAAGAGCTAAGAGCTTACGATGGTTCTGACCCCAAAAAGCCCCTCCTAATTGCCATCAAAGGCCAGATATCTACGACGTCTCATCCTCCACGGAAGGATCCGAGTAGGGCCTTGGCTATGTTGTCATTCAAACCTGAAGATCTGACAGGGAACATCCAAGGCTTGAGTGCTGAGGAGCTTGGTGTGTTGGAGGATTGGGAATATAAGTTCATGGAGAAGTATCCTAAAGTAGGACGGGTCGTTCCTGCACCAAATACCTATGAAAATGGAGATGAAGTTCACCTTCACCACGAAGATAGGAATGGACTATTACTACAACAACAAATTGGATGA
maker-tig00000170_pilon-exonerate_protein2genome-gene-0.2-mRNA-1:1,-5.25753022824666,0.00650487441774579,ATGCTTCAGGGGTTGTCATCACTCAACATCATTCTGAGATCAAAAGGCCTTTCTGAATTTGATGTGATGCTTCTGAACATAGATATAACTGAACAAGAACATGATAAGCTATCATCTCCTTCTCTTCCTATCTTTTCCATGTCCTTTTCTAGGAAATCCAAACAAGGGCAACTTTTCCCTCTTCTTCTCCCTCATGTCCAACTCTTTACTTCCTAG
maker-tig00000216_pilon-exonerate_est2genome-gene-2.1-mRNA-1:2,3.93609428423356,0.00447963574509992,ATGAAGTTGGTTGGACTTGTAAAAGCAATTCGTGCCCACCCCTCCATTTGTGAAATAATTGGGCCTTTACAGTTTCGCACATTCCAGCATGATTTTGTTCCAAGAGATCCCAATGCTAAGCCTAAAAGGTTCAAGTATCCACAATTCTATGATCCATATGGCCCAAGACCACCACCCTCTGATAAGATTGTTCAACTGGCAGAACGAATTGCTGCCCTACCACCTGAAGAGCGTAGACAAATTGGTCCTACTCTCACTGAGAGGCTATGTCTCCCAAAATTGCAGCCGATTGCGACTGAAGGGATGGACTTGGGTTCACAGGCTGGAGCAGCTGCAGGAGCTACAAAGGTAGAGGAGAAGAAAGAGAAAACAGCTTTTGATGTGAAGTTGGAAAAGTTTGATGCTGCTGCAAAAATCAAGGTCATTAAGGAAGTGAGGGCTTTTACTAGTTTGGGTTTGAAAGAGGCCAAGGACCTTGTTGAAAAGGTACCTGTTTTGCTCAAACAAGGGATCACCAAGGAGGAAGCAAATGATATAATAGAGAAGATAAAGGCAGCTGGAGGATTTGCTGTCATGGAGTAA
maker-tig00000234_pilon-exonerate_est2genome-gene-0.8-mRNA-1:1,-4.38517405842379,0.0410179693597907,ATGGCCTCTGGTGCCACAGGTTTTAAGATGGGCCTTATAATCAGATTGAACTGCATAGCCCTTGGAACATTTTTCGCAGACCCATTGCTTGTGTGCTTCTTGATCCCAACCAAATCGCCTAGAGCATGGCAGGGGTCATGGTGCAAGCAACTAGGCTCCGGGCAAACGAACACCCGCTTTTTCACCACTGGAGATTCTCTCTTGAGTAGCTTCCATGGAACCTTGTGTCGCCGCCTGTGCATCTGTAGGTTTTGGTCTCTCTGGAATCCTTGA
maker-tig00000234_pilon-exonerate_protein2genome-gene-1.14-mRNA-1:1,-5.45932157563177,0.00586454473468644,ATGGCGTCCAAGGCTACGGCAATTGCCACCGTTGTATTGAGAATTTTTACTATTTTATTTGCAGCTGGAAGTGTGGTGGTTCTGATACTGGACAAGGCCACTGATGTAGATGGTAGCAAATTAACATTCAAGAATGTCACTGCCTACAGGTATGTGCTGGCCACCGATGTTGTTGCAGCAGCCTATTGCCTTTTGCAGTTACCTTTTGCTATATACTATGCTTGCACCGAAAAGAGGCTACTTCGCGGTGATTTCTTGCCGGCCTTCGATTTTTATGGAGACAAGCTGATCGCCTTTCTTATGGCAACAAGTGTTGGTGCTGGTTTCTTGGTCACTGTGGAACTGAAAGAATTTCTGGGTGATTTATTCAAGGAATTTGGGGCAGATTTGAAAGATTCAATGTTTGAAGGTTTTTTTAACAAGGGATATCTTGCGGGGGGTCTTCTGGCAGGCGCATTCTTATGCATGGCTATTCTTTCAATACTTTCCTCTCTCCAAAGGACTGGCATCGGCAGCAGAGGTTTCTTCCGATGA
maker-tig00000261_pilon-exonerate_protein2genome-gene-1.32-mRNA-1:1,-4.90402782445855,0.0297037844365825,ATGCAGAGACAATCCTTGGGTTCTCCAAGCTCCAAGCTCCACATCCATGGAGGAGAAGAGGTTTCCGTCGCCGAAGATCAGAAACGCCGAGTAATCATCGACGATGATGACCGTAAAGACACCGGGCCTCGCCGATTGTCGTTTTCGCCTTCATCGTTTTCTCCAACGTCGTCGTCTATATCGCATCCTAAGCCCGAGAGACTTATTCACCTCATTCCTGTTCTCACTCTCCTTTGCTTCCTCATTCTTTACCTAGCTTCTCACAATCCTTCACAATCTGATTTGGCTGCTTTTAATGGATTCAAGCATTCCTCAAGGCATTTAGAATCACGTAAAATCGACGATGTCGGCCGATTTATTGGCGTTCGGAGGGGTGATGTTTTGATGATTCGAAGCCTGAGGAACTTGCAAGAACTTGATAAATACGTTCCCAAGTCTCGGCCCCACCGGAAAATAGCCGATTTCTAG
maker-tig00000261_pilon-exonerate_protein2genome-gene-1.5-mRNA-1:1,-4.44836172742557,0.0445811393264255,ATGGCATTGAAGTGGTTGGGATTTTCTGAAATCCTATCAGGTCGACGATCGTTATTGCTTAACCGCCGATGGTCTCAATATGGAAAAGATTTCAGAAGTTATCTGAAACAAAAGATGAAAGGAGCACATTTTAGCGTTGCTGATATTGAGCGATATCGAAAAGCGAAGCATCAAGTTGGATTGGCATGTTGCGGTCTGTGTCCGCCGCACTGTTTAGACTCACGTCCAGGGCAGCCGTTGATATGTTCCAACCACGCTGAATGTGCGGATAAATCTTGTGAACTGGGTATTAGCAGTTGTGTCGATGGTTTCTGTAAATGCTCTACGTCTGACTCTGGTGGCAAAAACTAG
maker-tig00000316_pilon-exonerate_est2genome-gene-1.12-mRNA-1:1,-4.6534860334946,0.000508291190837297,ATGGGGAGGAAGAAGCGAGTGCCAGAGTTCGAAGAAACGGCGCCGGATGACTTCGACCCTGCCAATCCCTACAAGGACCCGGTGGCGATGCTGGAAATGAGGGAGCATATAGTTCGAGAGAAATGGATCGACATAGAGAAGGCGAAGATCCTCCGAGACAAGGTCAAGTGGTGTTACCGTATCGAAGGAGTCAACCATCTCCAGAAGTGCCGCCACCTCGTTCGTCAGTACCTCGATGCCACCCGCGGCATCGGTTGGGGCAAGGATGGCCGCCACCCCTCCCTTCACGCATGGCCGGTCCGAAGGTTGAGGAGGTTGAGTCAGAATGAGTGGCTGCAAACGGTTACGAAAGATACTGATGACAAGGTGCATTCCAATGAGAAATTTTTTACCATGTTCGGAGATATGATTTGGCTTTTTGTTTTGGATTTATGGAGCTATCTTTGTGCATACGATGAAAGCATCTGGAAGCTGGCGACTGGGTTAGCATGCATTCAGGACCTGAGCAGTGGGTTTTGCAATGCCTTGCTTATAAGGAGTAGCGAGTTGTGTGTAAATTGGAACTATCAGAACCAGAGTTTTACAGAAAGGACAGAAAACAACAGAACAGAGGCTAGAGTTCATAAAGGCTACCACAGTGAGTTCGCAGCATCTGCAAGTTTTGGCGAGTGCAGGTTGATTGAGTCTGGCACTGAGAATAAGATGCGATTAGAACAGAAGATGATGGGCAAGAGTGGGGCCTCTTAA
maker-tig00000316_pilon-exonerate_est2genome-gene-1.12-mRNA-1:3,-3.45866476302538,0.00110447835319661,ATGGGGAGGAAGAAGCGAGTGCCAGAGTTCGAAGAAACGGCGCCGGATGACTTCGACCCTGCCAATCCCTACAAGGACCCGGTGGCGATGCTGGAAATGAGGGAGCATATAGTTCGAGAGAAATGGATCGACATAGAGAAGGCGAAGATCCTCCGAGACAAGGTCAAGTGGTGTTACCGTATCGAAGGAGTCAACCATCTCCAGAAGTGCCGCCACCTCGTTCGTCAGTACCTCGATGCCACCCGCGGCATCGGTTGGGGCAAGGATGGCCGCCACCCCTCCCTTCACGCATGGCCGGTCCGAAGGTTGAGGAGGTTGAGTCAGAATGAGTGGCTGCAAACGGTTACGAAAGATACTGATGACAAGGTGCATTCCAATGAGAAATTTTTTACCATGTTCGGAGATATGATTTGGCTTTTTGTTTTGGATTTATGGAGCTATCTTTGTGCATACGATGAAAGCATCTGGAAGCTGGCGACTGGGTTAGCATGCATTCAGGACCTGAGCAGTGGGTTTTGCAATGCCTTGCTTATAAGGAGTAGCGAGTTGTGTGTAAATTGGAACTATCAGAACCAGAGTTTTACAGAAAGGACAGAAAACAACAGAACAGAGGCTAGAGTTCATAAAGGCTACCACAGTGAGTTCGCAGCATCTGCAAGTTTTGGCGAGTGCAGGTTGATTGAGTCTGGCACTGAGAATAAGATGCGATTAGAACAGAAGATGATGGGCAAGAGTGGGGCCTCTTAA
maker-tig00000354_pilon-exonerate_protein2genome-gene-0.25-mRNA-1:13,-4.79921217200018,0.037516927403712,ATGGCACTTAACAAGGTCAAGCAGATCGCTTCCTCCACTCCATCTGTTTTCTTCAGTAAAACCTATTGTGGTCATTGCAATAGGGTTAAGCGGCTGTTTACGCAGTTAGGAGCTTCTTACGAGACCATTGAATTGAATGAAGAAAGTGATAATGATGTAATGCAATCAGCTCTGACTGTGTGGAATGGGCAGAGGACAGTATCTAATGTGTTCATTGGAGGAACACCTGTTGTGGCCAAGCATCAAGCAGTTCACTGGGTTCCAAAAGAAATTGTTTCGATTTTGATCGAACATTATATTCATGAAAGTAAAACTTTAGAATCCAGGGATTTACAGATGAACAACAATCAACGCAATGAAACAAGACAGAAACCAAAAGGCTAG
maker-tig00000407_pilon-exonerate_est2genome-gene-0.22-mRNA-1:4,4.81338196301761,0.0116471541608562,ATGAAGCTCCAAGTATATGCTTATCCGATGTCCCAACCCTGTCGCGCTGTCATCCTCTTCTGCAAGGTAAATGGTATAGACTATGAGGAGATCAACGTAGACATCCCAAAGCAACAGCATTTAACTCCTGAATTCGCCGAAATAAATCCCATGAACCAGCTTCCGGCCATTGTTGATGGAAAATTTAAGTTGTTTGAGAGCCACGCCATTCTTATCTATCTTGCTTGTGCATTTCCTGGTGTTGCAGACCATTGCTTTGCTACCTCCTATCTACATATGCTTCTGTATGTGGTTATGCATATCAATGGCCCTTTCTCAGCACCTATTCTTGACCTTCCTTTGAATCCACAAGCAGCTGCTGAAGCTGAGAAACTTCTGTCCTCATCTCTGTCGAATATAGAGTCCATTTGGCTCAAGGGCAATGGGCGTTTTCTGCCGGGTGGGAACCAACCATCGATAGCAGATCTCAGCCTCATTTGTGAAATAATGCAACTTGAGCTTTTGGATGCGAAGGATCGTGATAGGTTATTGGGCCTTTGCAAGAAAGTTCGGCAGTGGATTGAGAATAAAAGAAATGCTACTCAACCTCACTTTGATGAAGTGCATAAGATCCTACTGAAAACCAAAGAATACCGGGAAAACCGGCGGTTAAAGGGAGCAAATGATGGAGTTTTGTTCAAAATTCTCTACCGTATCCCTGCTGCAATCGTACTGTTAATTCTTATCCTCCTTTGGTCTTCTTCCACCACTATCATCTCTGGGAAATTTGTTCACGTATGCGTTTCATCACGGAAGCTCAACAATCTTTACTGTCTCTCGGCAGGTACCCAACCCAACTTCGAAATCCTAATGCCAGCTCTTAACAATAGTTCAATTAGTCCTAATATTAGTGCCAGTGTCAAAGAGGTTGTCAATACTGTCCGGCCAGACTCAGATCCACTAGTCAGCAACAGGGTCCAAAACAATGACAGTGATGGAGAAGTTGCCTTTGCTGTGAAGGTTGTTGAAGAGCAGCTACAGGTTCAAAGATCATGGATATCAAATAAGAATTATGTGGCATCGTGTGATGGAAGGGGATTTATGTGTATGATCTGCCATCAAAGTTCAATAAGGACTTGGTAG
maker-tig00000440_pilon-exonerate_est2genome-gene-0.15-mRNA-1:1,-4.43399680797112,0.0432626899245866,ATGGGTAGGCAACCTTGTTGTGACAAGCTAGGTGTGAAGAAGGGGCCTTGGACAGCCGAGGAAGACAAGAAATTGGTCAATTTTATTCTCACTCAAGGCCAATGTTGCTGGCGTGCCGTCCCCAAGCTCGCCGGCCTCCGCCGCTGCGGCAAAAGTTGTCGACTCCGCTGGACCAATTACCTTCGGCCGGACTTGAAGCGAGGCCTCCTGAATGAAGATGAAGAGCAGCTTGTCATTGATCTGCATGCCCGTCTTGGCAATAGGTGGTCCAAAATTGCAGCAAGATTGCCCGGAAGAACTGATAACGAGATCAAGAATCACTGGAACACCCATATTAAGAAGAAGCTTATTAAGATGGGAATTGATCCTGTTACACATGAGCCTCTGCAGAAACCAGACACCCCACAAGAGGCAGCCTGTGGAGCAAATGATCAGCCAAATCTTGATCATGTCTCTTCTACTGGTGATGAATTTAGCCCTCCAACTGAGAATTCCTCGACCGATGAATCGAGGTCATCATCAGTGTCTGGCATTGATGATGACCCCTGGATGAACTTGATATGGTCAGAGGTGTTTCTCAATGACTTGTCATGGAACTTCCCTGGCCCAGATTCGAGGGAAGAATATAGTGAACTTGGGTTTTCTTCATCAGAGCAAAACTCTTTTCCATGGTATTTGGATTACCAAAATATTGAAGATTATCATCAGAGGTTCGAATTTGGTGGCTTCAGTGAAATTGACATTAATTCCCTTGACATGGGTGGCAAGTATTAG
maker-tig00000539_pilon-exonerate_protein2genome-gene-0.6-mRNA-1:1,-4.97075688488852,0.00260503026821608,ATGAATCCACTGGTTTCTGCCGCTTCCGTTATTGCTGCTGGGTTGGCTGTCGGGCTTGCTTCTATTGGACCTGGAGTTGGTCAAGGTACTGCTGCGGGCCAAGCTGTAGAAGGTATCGCGAGACAACCCGAGGCAGAGGGAAAAATACGAGGTACTTTATTGCTTAGTTTGGCTTTTATGGAAGCTTTAACAATTTATGGGCTGGTTGTAGCATTGGCACTTTTATTTGCGAATCCCTTTGTTTAA
maker-tig00000539_pilon-exonerate_protein2genome-gene-0.7-mRNA-1:1,-3.61520728663277,0.0288934191686246,ATGAATGGTATATCATGTTCCATCAACGCACTAAACGGTTTATACGATATCTCTGGTGTGGAAGTAGGCCAACATTTCTATTGGCAAATAGGAGGTTTCCAAGTCCATGCTCAAGTACTTATTACTTCTTGGGTTGTAATTGCTATCTTATTAGGTTCCGCCGTTATCGCTGTTCGGAATCCACAAACCATTCCAACCGACGGTCAAAATTTCTTCGAATATGTTCTTGAATTCATTCGAGACGTGAGCAAAACTCAGATTGGAGAAGAATATGGTCCATGGGTTCCCTTTATTGGAACTATGTTTCTATTTATTTTTGTTTCTAACTGGTCGGGTGCTCTTTTACCTTGGAAAATCATACAATTACCTCATGGAGAGTTAGCCGCACCCACGAATGATATAAATACTACTGTTGCTTTAGCTTTACTCACGTCAGTAGCATATTTCTATGCGGGTCTTTCCAAAAAAGGATTAGGGTATTTCAGTAAATACATTCAACCAACTCCAATTCTTTTACCCATTAACATTTTAGAAGATTTCACAAAACCCCTATCACTTAGTTTTCGACTTTTCGGGAATATATTAGCTGATGAATTAGTAGTTGTTGTTCTTGTTTCTTTAGTACCTTCAGCCGTTCCTATACCTGTCATGTTCCTTGGATTATTTACAAGTGGGATTCAAGCTCTTATTTTTGCAACTTTAGCTGCGGCTTATATAGGCGAATCCATGGAGGGTCATCATTGA
maker-tig00000539_pilon-exonerate_protein2genome-gene-0.8-mRNA-1:2,-4.39701030966315,0.00602434716400363,ATGGCAAGAAGATATTGGAACATAAATTTGGAAGAGATGCTGGAAGCAGGAGTTCATTTTGGTCATGGTACTAGGCAATGGAATCCTAGAATGGCGCCATATATCTCTGCAAAACGTAAGGGTATTCATATTACAAATCTGACTAGAACTGCTCGTTTTTTATCAGAAGCTTGTGATTTAGTTTTTGATGCAGCAAGTAAGGGAAAACAATTCTTAATTGTTGGTACCAAAAAGAAAAATAAAGCAGCTGATTCAGTGTCGCGGGCTGCAATAAGGGCTCGGTGTCATTATGTTAATAAAAAATGGCTCGGTGGTATGTTAACAAATTGGCCCACTACAGAAACAAGGCTTCGTAAGTTCAGGGACTTGAGAACAGAACAAAAGACGGGGAGACTCAATCGTCTTCCGAAAAGAGATGCAGCTATGTTGAAGAGACAATTATCTCGCTTTCAAACATATCTGGGCGGGATTAAATATATGACGGGATTGCCTGATATTGTAATCATCGTTGATCAGCAAGAAGAATATACGGCTCTTCGAGAATGTATCACTTTGGGAATTCCAACAATTTGTTTAATCGATACAAATTGTGATCCCGATCTCGCAGATCTTTCGATTCCAGCAAATGATGACGCTATAGCTTCAATTCGATTAATTCTTAACAAATTAGTAGTCGCAATTTGTGAGGGTCGTTCTAGCTATATACGAAATCCTTGA
maker-tig00000707_pilon-exonerate_protein2genome-gene-0.9-mRNA-1:1,-4.67766895584185,0.0218898592971631,AAGTTAAAGAACAAACATTTCCCTCACTATGATGACTCTGTTAAGATTTTTAGATCCGATAGAACTACTGGTCAAAGAGTTAAAATAACAACTGATGTAATTGAATCATTTAATGCTGCTAATGATGTTGACTTTGGCTATATTGAGAATCGGGCCAACAATGATCAAAAGAGAGCGAGATTAGAAGATGATGAAGTTAAAGATTTAGCTTGTGCAATAATTCTGACCGCAAGTAGAACATTGTTAGGTAAGAAATGTTCTAAGAGCGACAATGCATTAATTGAATTAGTCGAG
maker-tig00000793_pilon-exonerate_est2genome-gene-0.0-mRNA-1:5,-4.57492932295385,0.0261800144857911,AGGCTGAGGCCCGCAGACCAGACGTTGCTGGGGGGTATCAGTGCGCAAAGTCTAGCAAACGAGCTCCAAACGCCCGCCCGACTTGCAGGCCAGCCCATGAGACCAAGGCCTGTCATACAAGCTGCCCGCACCACATCCAGAAGGGCCCAAGGTGCTGGATACGCAAGGAAAGCTTCTGGAACCAGGCAGGATCAGCATCAGCATCCTGGCAGATTTAGTTGA
maker-tig00002680_pilon-exonerate_est2genome-gene-1.2-mRNA-1:2,-4.80533532435162,0.0157514891815406,ATGGTCGTTGCCCTCAATGCCACAAAAGAAAAAGGCGATTTGGATTTGGAGATATATGCCATAACTCACAACAAAATACATCTGTGGCCGGACGAGCGCAAGGCATCTATTCCATCTAGAATTATGCATGTACCTGTACGAGTAAATAACAACAGGCCCGGTGGGGCAGGCTCTACGTAG
maker-tig00002680_pilon-exonerate_est2genome-gene-8.3-mRNA-1:1,-3.2543607963065,0.0246314903258553,ATGTCGGCATTGCCAAATCTGATAGATTTAAATCCTGATCATTGGAACTATGACTTTAGCACTCTACCAACAGATCACGTTGCTGTTGGCTATAAAACTATATTTCATAAAGTCTCAATGTTCCTTCACATTGACATGATATGCAATAGGCAAGATAAGTATGATCTAGGCCAAGAGGAGTTTTAA
maker-tig00002680_pilon-exonerate_est2genome-gene-9.62-mRNA-1:5,5.36084927141057,0.0324663027041728,ATGGCAAATGGTACACCAAGTTCATCTGTTCGAGCATATCTCTTCCCCATAGATGTACCTGAGATGGAAAGATACAAACAAGCGAATCTAAATTCATCTGGTTTAATCGAGAGTTTACGATTGCTGTTAGTATCAGTTGCCATGTTTACATCTCCGCTAAAGAGTATGCTAGTAACTATTCAGAACCAAAAGCAATAA
maker-tig00002680_pilon-exonerate_est2genome-gene-9.73-mRNA-1:1,5.25883138125222,0.0162460234297125,ATGGTGAGCAACGGTTACAGTAACGTCATTAACCGGGATGCTTTCCGTCAAGCCGTTGTTAGCACCCTCGAACGGCATCTATTCTACGTACCGTCGTTTAAGATTTACGGTGGTGTTGCTGGGCTTTACGATTCTGGCCACCTGGCAGCGCCAGTCAAGTCTAACATCCTAGCGCTCTGGCGTCAGCTTTTTGTAACCATGGAAAGAGTTATAAGGAATTTGGGGATTCGAACCTTGAATCTTGTGAATTGTTCAAGTTTCATTACAGCATTTTGTGTTGGAAGTGGACTGCCCGTGCGTGACACCAGAAATTGTTTGAAAGCTTCGGGTCATGTGGATAAATTCACTGACCTCATGGTGAAAGATGAAAAAACTGGAACTTGTTACCGAGCCGACCATTTGTTGAAGGATTTTTGCAAAGATAAGCTTGAGAAGATGGATATCAACATCACAGCTGACAAGGCTGCTGAGCTGAAGCATGTTCAGGCTGTATTGGATGACATTTCAGCTGTTTATGCGCCGCTTCCTGAGACAGCTCAAGGTATATTTGTTAACTTCAAGGACCTCTATTACTATAATGGGAACAAGCTCCCTGTCAGGCGTTTAGAAATGAGGCAGCATCTGGCCAATGAGATGGCCCATTATGCTGCAGACTATAGATCTGCATGTGATTTGCCAGCTCACACAGATGAGAGTGGTGTTCCCCTTGTGGCACATGAAAAATTTGCAGAACCAAGGGAAGTAGAGAAACTTGTTATTGCACCAGTTAAGAAGGAGCTGGGCCTTGCATTCAAGGGTGACCAAAGGATGGTCTGTGAAGCACTGGAGGTCATGAGTGAAAAAGAAGCTATCGAAATGAAGGCTACTTTGGAGCCCAAGGGGGAAATGGAATTCTACGTATGCCCTCTTGCTAAAGATGTTACCATAAAGAAGAATATGGTGACAATCTCCAAGGAAAAGAAGAAGGAACATCAGAGGGTTTTCACTCCATCAGTTATTGAGCCATCTTTTGGTATTGGACGGATAATCTACTGTCTTTATGAGCATTCATTCTACACAAGGCCTAGCAAGACTGGTGATGAGCGGTTAAATGTTTTTCCGTTTCCCTCCTCTTGTGGCACCAATCAAATGCACTGTGTTCCCACTCGTGCAAAACCAGCAATATGA
maker-tig00002680_pilon-exonerate_protein2genome-gene-1.3-mRNA-1:1,-8.8885976493353,3.03634776937162e-09,ATGGTGGAGGTGTCGATTCGGGCGTCGTTTATGAGGGTAAGGTTGGTGCCGTTGGCGGTACCGATGAAGGAATTGAAGAGGAAGTCAAGGGCAAAAGTGGAAGAGAGAAATATGAGGAGGAAAAGGATGCGGAGGAGGAAGAAGAAGGGCTGCATGGGGAGGGGTAGCGGTGGACGGCGAACAGGTTGGGAGAGTGGTGATGGATGGGTGGATTGGAAACTGGGATTGTGA
maker-tig00002680_pilon-exonerate_protein2genome-gene-1.3-mRNA-1:2,-6.44545133599702,0.000161885094822633,ATGGTGGAGGTGTCGATTCGGGCGTCGTTTATGAGGGTAAGGTTGGTGCCGTTGGCGGTACCGATGAAGGAATTGAAGAGGAAGTCAAGGGCAAAAGTGGAAGAGAGAAATATGAGGAGGAAAAGGATGCGGAGGAGGAAGAAGAAGGGCTGCATGGGGAGGGGTAGCGGTGGACGGCGAACAGGTTGGGAGAGTGGTGATGGATGGGTGGATTGGAAACTGGGATTGTGA
maker-tig00002680_pilon-exonerate_protein2genome-gene-1.3-mRNA-1:3,-7.47412590144774,8.74363890140401e-08,ATGGTGGAGGTGTCGATTCGGGCGTCGTTTATGAGGGTAAGGTTGGTGCCGTTGGCGGTACCGATGAAGGAATTGAAGAGGAAGTCAAGGGCAAAAGTGGAAGAGAGAAATATGAGGAGGAAAAGGATGCGGAGGAGGAAGAAGAAGGGCTGCATGGGGAGGGGTAGCGGTGGACGGCGAACAGGTTGGGAGAGTGGTGATGGATGGGTGGATTGGAAACTGGGATTGTGA
maker-tig00002680_pilon-exonerate_protein2genome-gene-16.45-mRNA-1:1,-4.29615287040434,0.0294266925249207,ATGAAGCGAGGATCAGAAACGTTTACTCCTCTTGGGGACGTAGCAAGCGAGATTAATCGACGAAGATGGCGATATGGCCTTAAGCTGAGCCCTTTTCTTCTTTTCCTGATTTCGATCGGAAGCAGACAAATATCCGGAATCTTCAGAGAAGCAGACCCTCCCCACCCGCCAAAGGCCCCTCACCTCCGCCAAAATCTCCTACGATATTCAATTTTAAATTCTGGGATCTTATCTCCTGCGGTTACTCTAAGGAATATTTAG
maker-tig00002680_pilon-exonerate_protein2genome-gene-16.56-mRNA-1:7,6.50884684660975,0.0104865437886518,ATGGCAGAAACTGAAGTGAGCTGTGTTGTGTCTGATTTTATCAACTTCTTAAACGTTTCTCCTACTGCTTTCCACGCCGTCGATGAGGCAAAGAAACGGTTGCAAAAGGTTGGGTATGAGCAAGTATCAGAGAGAGAAGAGTGGAAATTAGAAGCTGGGAAAAGATACTTTTTCACCAGGAATCATTCGACCATTATTGCTTTTGCTATTGTTTTGTTTGATTGGCAAGAAAATGTAGGATATGTTGCTGGAAATGGATTCCATATAGTTGGTGCACATACTGACAGCCCCTGTCTAAAGTTGAAGCCTGTTTCCAAGGTAAAAAAAGGCGGTTATCTGGAGGTTGGTGTGCAAACATATGGAGGTGGTTTGTGGCATACATGGTTTGATCGTGACTTGACAGTTGCAGGAAGGGTGATGATAAGAGAGGAGAAGGGTGGTTCTGTATCCTATGCACATCGGCTAGTTAGAATTGAGGATCCTATAATGCGTGTCCCTACCCTGGCTATTCACTTAGACAGGGGTGTTAATGATGGATTCAAGGTGAATACACAGAATCATCTTTTACCTGTCCTGGCAACATCAATTAAGGCGGAGCTCAATAGAGAGGTTGCTGAAAATGGTCCAGCTGAAAAAATGACTAACAACTCAAGACATCATGCACTTCTGCTGCAGATGATTGCAAATAAGCTCGGCTGTCAACCAGATCAAATATGTGATTTTGAATTGCAAGCATGTGATACTCAACCAAGTATAGTAGCAGGTGCTACAAAGGAATTTATCTTTTCTGGAAGGCTTGACAATCTTTGCATGTCGTTTTGCTCTCTGAAGGCTTTGATTGATACTACATCTGCTGAGAGCAACCTTGAAAAAGAGAGTCGTGTTAGAATGGTGGCATTGTTTGATCATGAGGAGGTTGGATCTGATTCAGCACAAGGAGCTGGATCTCCTGCAATGTTAGACGCTCTATCACGAATAACGAATTCCTTCACCTCAGATTCAAAGATGCTACCAAAAGCAATCCAGAGAAGCTTCCTTGTTTCTGCCGACATGGCACATGCCCTTCACCCAAATTATATGGAAAAACATGAAGAGAACCATCAGCCTAAGTTGCACGGGGGACTCGTTATTAAACACAATGCAAACCAACGTTATGCAACCAATGCGGTCACTTCTTTCATATTCAGGGAAATAGCAATGAAGCATAACCTTCCTATTCAGGATTTTGTGGTGCGGAATGATATGCCTTGTGGCTCCACCATTGGTCCTATCCTGGCAAGTGGTGTTGGGATCCGCACAGTAGATGTTGGTGCTCCGCAATTATCAATGCATAGCATACGAGAAATGTGTGCTGTTGATGATGTGAAGCATTCGTATGAGCATTTCAAAGCCTTCTTCCAAGAATTCTCTCATCTTGACACCAAAATTACAGTTGACATGTAG
maker-tig00002680_pilon-exonerate_protein2genome-gene-9.30-mRNA-1:4,4.87838341073282,0.0121228385607651,ATGACAGGGAAAAAGGAAAAATCCAAGGAGAGAAGGGAAAAGAGACTGCAAGAGATTGCCCTTCTCGGGACCATTCCTTATTCTGATCATCAGAGGTGGTGGTCAGAAGAAACTATTGCTGTAGTAACTGGTGCTAATAGAGGAATTGGGTTTGAGATTGCGAGACAACTTGCTGGGCATGGATTGACAGTAATACTAACATCAAGGGACACTAGTGTTGGCATTGAAGCAGCCAAGGTCTTACAAGAAGGGGGTTTCAATGTGGATGTCCACCAGCTCGATGTCTTGGATGGTGAATCAATTTCAGCGTTTATTGAATGGATAAAAGAAAAATATGGTGGCATTGATATTCTGGTAAATAACGCAGGTGTTAACTACAATCTTGGGTCTGATAATTCTGTGGAATTCGCACGGCAAGTCATTGATACCAATTATTATGGCACCAAAAATATGATTAAAGCAATGATACCATTAATGAGACCTTCTGCTGCTGGTGCTCGTATTGTTAATGTGAGCTCACGGCTTGGAAAACTAAATGGCCGGCGCAATAGAATTCAAGATGCAGCTTTGAGAGAAGAACTAATGGATTTGGAAACTCTCTCTGAGGAACTGATTGATAGGACATTGTCTACTTTCCGACAACAAGTTGAAGACGACACTTGGCAATCAGGTGGATGGCCTCAGACATTCACCGACTACTCATTATCTAAACTTGCTGTTAATGCTTACACTAGGCTAGTGGCAAAAGAACTCTCTGATCGACAAGAAGGTGAAAAGATATATATCAACTGTTACTGCCCAGGATGGGTGAAGACTGCTATGACAGGTTGGGCTGGCAATATTTCAACTGAGCATGGGGCTGATACTGGCGTCTGGCTTGCCCTTCTTCCAGACGAGGCAGTAACAGGGAAATTTTTTGCAGAGAGACGGGAAATAAACTTCTGA
maker-tig00002688_pilon-exonerate_est2genome-gene-1.59-mRNA-1:2,3.52967632315812,0.0343243733485005,ATGGTTGACAATATTTGTTATGAGGTTTACATGTTGCCTTCCCACAAGACTAGGGGCTTGCCATGGCAGCATGATTTGTTTAAAGATAGCCTTATAGCTACTGAGATATTAATAGTAGAAGTCGACACCAAGTTTTATGTATCCAACTTAGATCACAGAGTCTCGAACGAAGATATCAGGGTATTTTTCCCAAGTTTACGTTTGATGCTGCCAGTTTTTATTTTTAGATTTCAGTTTCTACAACACTTCTTGCATGTGATAATTAGTCACACAGATCATGTTTAA
maker-tig00002693_pilon-exonerate_protein2genome-gene-5.2-mRNA-1:2,-2.68807160965002,0.0311300586261271,ATGGGCGTTGCTCAAGCGATGAAGAGAATCCCTCGCATCAAATTTCCCCAAAGACATCCCAAACCTTCTGATTCTGGATTGCAGCCTCAAACTGCAAGCAAAACTGGTGATGGTGATCTAACATTCTTCTCTAGTTCTAAGGCTCCTGCAACTGTTGGAGGGAAAGCTTCTCTTCAGCCTAAAAGAACACCTGTTTCTAATGAGGAAATTGAGGCTATTTTGTTTGTACAATTGCTTATATTGATTGATCTGTTTGTCACGCTTTTGGCAGTTGGGTGGCTGTTTCTGATCATCTCATGGAGTTTCAACGAGGGAAGACAATTATATGGACTTCTAATTTACTCATTCTTTTTTCTTATCACAATATCGAAACTTGAACATTCTGATGATACTGGTATGCGAAGTGCGATCATTCCAAGCATTAACAGTGGCAAGTCTGGTGGTTTTGGCTTCTTTGTTGCAGCAAGTCTGGCAATACTTCTTGAATCTGAAACTGACTGCTTTACAGGCGGTGGGTTTTCTTCAATGAACTTTTTCAATACCCTTTCACCACCTGGAAATTCCCCAGTTAGCCCTATCATTTCCATTTCAAAAGCTTCTTCTGGAACTGAGATTGCTGTGCTGCCAGAACTTTCTTAA
maker-tig00002698_pilon-exonerate_protein2genome-gene-6.9-mRNA-1:4,4.32028326504299,0.00827325083794642,ATGGGAGGTCAAAAGAAGGCCATCAAGAAAGACAGCAAGACTGATAGGTGTTCCAAGATCCCACATGAAGAAGATAGATGTGAAGATATTTTCAAAATTGAAAAAAAAGCTTGTCAGACCTTTGGACATAATCTCCTGAAATTCCTTCAAACACAACTTTCAACTCCTTTGGACATGATTGTCAAGGAGCAATTTACTTTTCAAAGTCGTGGTGCCTCTGTTTAG
maker-tig00002699_pilon-exonerate_est2genome-gene-1.2-mRNA-1:2,3.70385217431288,0.0482747624858956,ATGCATGGTTCATGGCCTGGAAGCCTCCAGGACAAGGCCCTCTCACCTCATTTACAACATCTCTGGAGGCTTAAAATTGAACCAATACCAGAGAATATGAGGCATCTCAACATTCCTCAAAGCAGCATTTCCTGTGTCATTCAGTCAAACTCTTTAGCACAGACGCCTGCTGCTTGCAGAAGCATATTACCTTATAGGTAG
maker-tig00002699_pilon-exonerate_est2genome-gene-2.17-mRNA-1:1,2.95792577855524,0.0289589258105802,ATGGATGAAGAAAGAATGTTGCATCCCAGTTGGATCGACAAGAGTCCTGCTGAAATGGAAGCCGTTTCACGACTTTTCATTTTCTCTTGTGTTATTGCTGGCCTAGTTGGTCTTATGACTATATTTTACACAGCTTTCCAGTGGAGAAGAAACATTAACTTAAGTTGGATGAAAGCTGTAGCTAGGTCGAAGAAAAACCCAAAGGCCAATCCTAAGGTACCTGTGGCTCCTCATACTTGGGAGTTGGAATCTTTATCCCGTGGAAAGAATTTAAACTGCTGTGCTTGCTTAAAGCCAATGTCACCATCCCAAACCCTAGGGCCTATGATAGCTTCAGAGAGTTTCATACACTGTTGTAGAATCTGTGGTGCAGCGGCTCACTTGATTTGCTCTTCAAGTGCACACAAGGATTGCAAGTGTGTATCCATGATCGGCTTTGAGCATGTGATGCACCAGTGGGCAGTTCGATGGACACAGCTTACTGATCAACCTGATGAATCTTCTTTCTGTAGCTATTGTGAAGAGCCATGTAGCGGGTCTTTTCTTGGTGGATCTCCTATATGGTGTTGCTTGTGGTGCCAACGACTCCTACATGTGGACTGTCACAGCAGTATGTCTAATGAAACACGTGATATTTGTGATTTAGGACCATTTAGAAGGCTGATTCTCTCACCTCTTTATGTTAAGGAGTTGAACCCTAATTCTGGATTTCTGAGCTCTATCACACATGGTGCAAATGAGCTTGCTTCTTCAGTACGGGCAACCATTAGGAGTCAGGGCAAGAAACATAAGCATAATAATGAAACCTTGGTTGATACAGGTAGTAATGGTAGCATCTCTGACATATCTACAGAGAACACAGCTGATACCCCACAAAATGAAAATGGTTCTCATGCATTAGAAGAGAACTGCAACGGAAGCATGAATGTGAGAACCCCTTGCCAAGATGGTGGCACTGAGAAGAAAATGGAATCAAAGCCTAGTTTCAAAAGAAGTGGATCGATTAATCAGAAGGACGAGTCTCAGGCATTAAGAATGAAGCAAAGATATGAGTTGATAGATCTGCCACCAGATGCAAGACCGTTACTGGTTTTCATCAACAAGAAGAGTGGTGCACAGCGTGGAGATTCCCTCAGGCAGCGCTTGAACCTTCTTTTGAATCCTGTTCAGGTTTTTGAATTGAGTTCAACACAGGGACCAGAGATGGGTCTTTTTCCATTCAGAAAGGTGCCTCACTTCAGAATACTTGTATGCGGGGGAGATGGTACTGTTGGTTGGGTTCTTAATGCAATAGACAAGCAAAATTTCATTTCTCCACCTCCAGTTGCTATTCTCCCTGCTGGAACTGGAAATGATTTGGCCAGGGTTCTGTCCTGGGGAGGTGGTTTGGGCTCAGTGGAGAGACAAGGAGGCCTTTGCACAGTGTTGCAACACATAGAGCATGCTGCTGTGACCATTCTTGACCGCTGGAAAGTAGCTATTTTGAACCAACAGGGGAAGCAACTTCAATCTCCAAAATTTATGAACAACTATCTTGGGATTGGTTGTGATGCGAAGGTTGCTTTGGACATTCACAACTTACGAGAGGAGAACCCTGAGAAGTTTTACAATCAGTTTATGAATAAAGTGCTTTATGCAAAAGAGGGTGCTAGGAGTATAATGGATAGGACATTTGCAGATTTTCCTTGGCAAGTTAGAGTAGAAGTGGATGGTGTTGAGATAGAGGTCCCTGAGGATGCAGAAGGTGTGCTTGTTGCAAACATTGGAAGCTACATGGGGGGTGTAGACCTTTGGCAAAATGAGGATGAGACATATGAGAATTTTGATCCCCAGTCTATGCATGATAAAATACTAGAGGTCGTGAGCATATCTGGAACTTGGCACCTTGGAAAACTGCAGGTGGGTCTTTCTCGTGCTCGAAGACTTGCACAGGGACAGTCAATTAAGATACAGCTGTTTGCTGCATTGCCTGTTCAAATTGACGGAGAACCTTGGTCTCAGCAGCCATGTACATTGTTGATATCACATCATGGACAGGCCTTCATGTTGAAGAGGACAGCTGAGGAACCTCTAGGTCATGCAGCGGCCATAATAATGGATGTGCTTGAGAGTGCTGAAACAAATCACATAATTAATGCTTCACAGAAGCGAGCTCTTCTTCAAGAAATGGCATTAAGGCTTGCTTAA
maker-tig00002700_pilon-exonerate_protein2genome-gene-3.33-mRNA-1:14,3.6690138399938,0.00486173168460834,ATGACGGCCTTGCTGAAGAATGACGCAGAGCTGCTCTGGCTCCTCCAAACTGTCCCGTACAAGCAACAGATTGCCAACTGCTGCAAAGGAGGTGTTGTGTCCTCATGGGGCCAAGACCCTTCAGCCGCAGTTTCCTCCTTTCAGCTGAGTGTTGGGAGTGCTAGTACTTCCAATAAAACAAGCGACACTGCCAAAGAATTTCGCTTTGCTTGGTCCTGGTCTAGGCTACACATGCGGCCAAGCAAAAAAAGTACCATTCTCAGTTTTTATCTCAGCTGA
maker-tig00002707_pilon-exonerate_protein2genome-gene-0.0-mRNA-1:2,8.72021378299386,0.0214214233033781,ATGGGTTCTGAACAAAATGAAGGAACCAGTTTTCCACCATCCGAGCCAAAACTTTGCGCCAACGGCTGTGGATTTTTTGGCACGGCGGCGAATATGAACCTCTGCTCCAAGTGTTATCGGGATCTCCGGGCTGGGGAGGAGCAAGCTGCAAAGGCGAAAGCTGCCATGGAGAAATCCCTCAGTGTCAAAACGAAGCAGGAAGATGTTATTGTGGAGACTTTTAAGCCTGTTGAGGAGCTGCCTCATGTGGGTTCCTCATCGATGGCGGTTGAGCAACAACCGGCTGTTGTTGTCGCTGGTAATGAACAGGCAGAGCCAAAGGCGGCGAACAGGTGTTTTATCTGTCTAAAGAAGTTTGGATTGACTGGGTTTAAGTGCAGGTGTGGGAGCACATTCTGCGGCGAGCACCGGTACCCGGAAAAGCACGAGTGCTCCTTTGATTTCAAGGGTGCTGGACGTGATGCGATTGCAAAGTCAAATCCTGTCGTCAAAGCTGATAAGTTGGAGAGGTTCTGA
maker-tig00002707_pilon-exonerate_protein2genome-gene-1.29-mRNA-1:21,4.93046853873457,0.00175107373254404,ATGGCATGGAATGTTTTCAAATTCTGTACGGCACTACGTGCCTTGGGTTCAATTATGATCGTTTTCGTTCTTGGGATTATTGGGGTAACTTATTATGCAGTGGTCGTTGCTCATTATGGCCCAAGTCTCTTTCTTGGAGGCTTTGATATGCTTTCTGCTATTCTAGTTCTCTTCTTGTTTCATTTTCTGCTGTTTATGGTATTATGGAGTTACTCTTCTGTTGTTCTAACGGATCCGGGTGGTGTTCCACCAAATTGGAGGCCTCTCAGGGATGAGGAGAAAGGTGATGCTGATCCTTTGGTAGGTTCAAGTTATGGAAGTGCAGAATTAGGTTCAACTCAGTCAGCTATACCTGGTGATTCCAAAAACCAAGGCATACGTTTCTGTCAGAAGTGCAATCAATTTAAGCCACCTCGCACCCATCACTGCTCTGTTTGTAAGAGATGTATATTAAAAATGGACCATCATTGTGTTTGGGTCGTCAACTGTGTTGGGGCATTGAACTACAAGTATTTCCTTCTTTTCTTGTTTTACACATTTCTTGGCGCAACACTTGTCAGTTTATCATTATTGTGGGTTTTTATGGAATTTTTTAACGATAGTGAGATAGCTGAAACACCAGGAACACTTGCTGCTACCTTTATTGCATTTGTGTTTAACATAGCATTTGCCCTAAGTGTTCTGGGCTTTCTGATTATGCACATAACATTGGTGAGAGCCAATACCACCACTATTGAGGCATATGAGAAGAAAATCACACCTAAGTGGCGTTATGACCTTGGTTGGAAGAAAAATTTTGAACAGGTGTTTGGAACAGAAAAGAAGTTCTGGTTCATCCCAGCCTATTCAGAGAATGATTTAAGACGGATGCCATTCCTTCAGGGTTTCGAATATCCAACAAGGCCCGACTGGGAGCCACCCCTGCAGCATTAA
maker-tig00002707_pilon-exonerate_protein2genome-gene-1.29-mRNA-1:23,4.68020103446603,0.00728447419081621,ATGGCATGGAATGTTTTCAAATTCTGTACGGCACTACGTGCCTTGGGTTCAATTATGATCGTTTTCGTTCTTGGGATTATTGGGGTAACTTATTATGCAGTGGTCGTTGCTCATTATGGCCCAAGTCTCTTTCTTGGAGGCTTTGATATGCTTTCTGCTATTCTAGTTCTCTTCTTGTTTCATTTTCTGCTGTTTATGGTATTATGGAGTTACTCTTCTGTTGTTCTAACGGATCCGGGTGGTGTTCCACCAAATTGGAGGCCTCTCAGGGATGAGGAGAAAGGTGATGCTGATCCTTTGGTAGGTTCAAGTTATGGAAGTGCAGAATTAGGTTCAACTCAGTCAGCTATACCTGGTGATTCCAAAAACCAAGGCATACGTTTCTGTCAGAAGTGCAATCAATTTAAGCCACCTCGCACCCATCACTGCTCTGTTTGTAAGAGATGTATATTAAAAATGGACCATCATTGTGTTTGGGTCGTCAACTGTGTTGGGGCATTGAACTACAAGTATTTCCTTCTTTTCTTGTTTTACACATTTCTTGGCGCAACACTTGTCAGTTTATCATTATTGTGGGTTTTTATGGAATTTTTTAACGATAGTGAGATAGCTGAAACACCAGGAACACTTGCTGCTACCTTTATTGCATTTGTGTTTAACATAGCATTTGCCCTAAGTGTTCTGGGCTTTCTGATTATGCACATAACATTGGTGAGAGCCAATACCACCACTATTGAGGCATATGAGAAGAAAATCACACCTAAGTGGCGTTATGACCTTGGTTGGAAGAAAAATTTTGAACAGGTGTTTGGAACAGAAAAGAAGTTCTGGTTCATCCCAGCCTATTCAGAGAATGATTTAAGACGGATGCCATTCCTTCAGGGTTTCGAATATCCAACAAGGCCCGACTGGGAGCCACCCCTGCAGCATTAA
maker-tig00002707_pilon-exonerate_protein2genome-gene-1.29-mRNA-1:24,5.84735508385214,0.00172362753825027,ATGGCATGGAATGTTTTCAAATTCTGTACGGCACTACGTGCCTTGGGTTCAATTATGATCGTTTTCGTTCTTGGGATTATTGGGGTAACTTATTATGCAGTGGTCGTTGCTCATTATGGCCCAAGTCTCTTTCTTGGAGGCTTTGATATGCTTTCTGCTATTCTAGTTCTCTTCTTGTTTCATTTTCTGCTGTTTATGGTATTATGGAGTTACTCTTCTGTTGTTCTAACGGATCCGGGTGGTGTTCCACCAAATTGGAGGCCTCTCAGGGATGAGGAGAAAGGTGATGCTGATCCTTTGGTAGGTTCAAGTTATGGAAGTGCAGAATTAGGTTCAACTCAGTCAGCTATACCTGGTGATTCCAAAAACCAAGGCATACGTTTCTGTCAGAAGTGCAATCAATTTAAGCCACCTCGCACCCATCACTGCTCTGTTTGTAAGAGATGTATATTAAAAATGGACCATCATTGTGTTTGGGTCGTCAACTGTGTTGGGGCATTGAACTACAAGTATTTCCTTCTTTTCTTGTTTTACACATTTCTTGGCGCAACACTTGTCAGTTTATCATTATTGTGGGTTTTTATGGAATTTTTTAACGATAGTGAGATAGCTGAAACACCAGGAACACTTGCTGCTACCTTTATTGCATTTGTGTTTAACATAGCATTTGCCCTAAGTGTTCTGGGCTTTCTGATTATGCACATAACATTGGTGAGAGCCAATACCACCACTATTGAGGCATATGAGAAGAAAATCACACCTAAGTGGCGTTATGACCTTGGTTGGAAGAAAAATTTTGAACAGGTGTTTGGAACAGAAAAGAAGTTCTGGTTCATCCCAGCCTATTCAGAGAATGATTTAAGACGGATGCCATTCCTTCAGGGTTTCGAATATCCAACAAGGCCCGACTGGGAGCCACCCCTGCAGCATTAA
maker-tig00002707_pilon-exonerate_protein2genome-gene-1.29-mRNA-1:25,6.13968470531308,0.00028258877632745,ATGGCATGGAATGTTTTCAAATTCTGTACGGCACTACGTGCCTTGGGTTCAATTATGATCGTTTTCGTTCTTGGGATTATTGGGGTAACTTATTATGCAGTGGTCGTTGCTCATTATGGCCCAAGTCTCTTTCTTGGAGGCTTTGATATGCTTTCTGCTATTCTAGTTCTCTTCTTGTTTCATTTTCTGCTGTTTATGGTATTATGGAGTTACTCTTCTGTTGTTCTAACGGATCCGGGTGGTGTTCCACCAAATTGGAGGCCTCTCAGGGATGAGGAGAAAGGTGATGCTGATCCTTTGGTAGGTTCAAGTTATGGAAGTGCAGAATTAGGTTCAACTCAGTCAGCTATACCTGGTGATTCCAAAAACCAAGGCATACGTTTCTGTCAGAAGTGCAATCAATTTAAGCCACCTCGCACCCATCACTGCTCTGTTTGTAAGAGATGTATATTAAAAATGGACCATCATTGTGTTTGGGTCGTCAACTGTGTTGGGGCATTGAACTACAAGTATTTCCTTCTTTTCTTGTTTTACACATTTCTTGGCGCAACACTTGTCAGTTTATCATTATTGTGGGTTTTTATGGAATTTTTTAACGATAGTGAGATAGCTGAAACACCAGGAACACTTGCTGCTACCTTTATTGCATTTGTGTTTAACATAGCATTTGCCCTAAGTGTTCTGGGCTTTCTGATTATGCACATAACATTGGTGAGAGCCAATACCACCACTATTGAGGCATATGAGAAGAAAATCACACCTAAGTGGCGTTATGACCTTGGTTGGAAGAAAAATTTTGAACAGGTGTTTGGAACAGAAAAGAAGTTCTGGTTCATCCCAGCCTATTCAGAGAATGATTTAAGACGGATGCCATTCCTTCAGGGTTTCGAATATCCAACAAGGCCCGACTGGGAGCCACCCCTGCAGCATTAA
maker-tig00002710_pilon-exonerate_protein2genome-gene-1.21-mRNA-1:1,-4.70291569681639,0.042895986984476,ATGCTTAAAGTGACAGGGAAAAAAAGAGGAGCGACGGCTTTGGGAGAGGTCCGACCGTCTCGTCTTTCGACCGTCGGAGCACCTCGCCGGCCACCGCTTAGTCCACCGTCGCTGGTGGTCGAAAACTTCAAAAGTGACCAAGAGGTTCCGTTCAACCTCTTAAGCTCAGATCTGCTAACTGATATCCTTCTTTCTTGGTGCAGGTGGCTCGACGCTGGGTTCTTCCCTGCAAGGAGGACTATATTTGGGTATTTGAGGGGGGTGTTCGCATTTTTTTTCGTGTCTGAGAGGTTTCTATTGGGTAGAAAGTTTTGTGGAAGGCTAGGACTTTGGGTATTTAAAAGCTTGTTGAAAGGAGGGTTGGGCAGTGATGAAGGGTCAGCTGTTCGTGTATCTGAAAAAGAGGTTTTAAGGGGAAGAACCTATGAGGGTGGTTGTAGGTGGGCTGAACAAGAGGCTGGTCAGGGGTAG
maker-tig00002724_pilon-exonerate_protein2genome-gene-0.81-mRNA-1:1,-3.14710749525782,0.0452666802501298,ATGGACACCAGGTTCTCACACTTGGATTTTGCTGCCAATTATTCTTTGAATGCCTTCAAGATTTTGGGTAGTTCAATGCAAGTTGGGGGAAATGGGAGTGCATATAGTGCGGATACCGTTCTACGTCTTGATTCCCCTGGCTCTTCAATCCCTTACATGTCCACATCAAAAGGAATCAAGCGGAAGTGGAGTTTGATGGATGGATCCATCAGTGAGCAAGTTGGTTCATCATTGTCTCTTGGGCTAGGCCTCTCCTCAAGTTCCTCAGACAGCAAGGGGAGTTCGACAACTGCTTGTACTACCACATCGTCAGCCAAAGAAGCTGATGAGGAGTCCTCAATGGATATTGAATTGGACTTTACTCTCCATCTTGGGAATGAAAAGGTAATTAACCCAAAGAAATCGCCTAGTCCAAATCTGAATGGACTGGAATTGCAACCAAAAGTCAACCTGGAGTTAGGTCTTTCCACTGGGCCTTCTGAATCTGATATCACTAGTGTCCATCTTAGCTCTTCTCCTATGCAGTCGGGTATGGAGATGCCAATAGCAGTTGACGGGGCCCCAAATGCAGATGAAGGTTCTACTTCATGTAGCTGGAAACCTGGGATTGCTTTGCATCGATTGCAGAGTTTACCAGAAAAAGTGACTAGCATCTTCTTCAAGGAGGTTCCAAGAACCACTGATCTTTCTATCATTGTTCCAGGCCTTTCTTCAAGTGTGATTACTACACCAAAAAGCTCAGTCACCTGCACTTCCGGGACAACACAGCAACAACGGCCACAACAACGCAGCTCTAGTTCAAAGGCATGTCAGGTTGATGGATGTGGAAAGGGGGCCAGGGGTGCTTCTGGCCATTGCATATCTCATGGTGGTGGGAGGAGGTGTCAAAAACCTGGCTGCCATAAGGGTGCAGAGGGCCGGACTGTGTACTGCAAGGCCCATGGTGGCGGTCGGCGATGTGAATTTCTTGGTTGCACAAAGAGTGCAGAGGGTCGGACTGATTTCTGTATTGCCCACGGTGGTGGTCGGAGATGTAGTCATGAAGGTTGCACTCGAGCTGCCAGAGGGAAATCTGGACTATGTATACGTCATGGTGGTGGAAAGAGATGTCGAATAGAAAATTGCGCAAGGAGTGCTGAAGGGCTCTCAGGACTCTGCATCTCACATGGAGGTGGCCGTCGATGCCAATTTATAGGATGCACAAAAGGGGCACAAGGGAGCACAATGTTCTGCAAGGCACATGGTGGTGGAAAAAGATGCACATATCTAGGGTGTACCAAGGGCGCTGAAGGGAGTACCCCTTTCTGTAAGGGTCATGGAGGGGGGAAAAGATGTGCATTCCAAGGTGGTGGGGTTTGTACAAAGAGCGTGCATGGAGGAACCAACTTTTGTGTAGCACATGGAGGGGGTAAGAGGTGTGCTGTGCCTGAATGCACAAAGAGTGCCAGGGGACGTACTGATTATTGTGTTCGCCATGGTGGAGGCAAGAGATGCAAGTTTGAAGGGTGCGGCAAAAGTGCACAAGGTAGTACAGATTTCTGCAAGGCACATGGTGGAGGCAAAAGATGCTCCTGGGGCCATACTGGGTCAGAATATGGCAACCAACCTTCTGGTCCTTGTAACTCTTTTGCAAGGGGCAAGACAGGTCTCTGTGCACTTCACAATGGCCTGGTTCAGGATAAGAGGGTTCATGGGGGTGCAACACTTGGGCCTATTGTCCAGGACGCCAAACTTAGCAAGTCTGAGAAGATGAAAGAGATTGTTACTGGTGAGGAAATGAATGTTGACACCATGAAAATGGGGAGTAGTGTGGAAGCTTTGGCAGGAAGAACTTGTTCTGGTTTGAATCAATATGGAGTTTCAAATGCTCATAACTCTGTGGGGGAAGTAGGCTTCTCTGTTTTAGTTCCTGAAGGTAGGGTGCATGGTGGGAGTTTGATGGCACTGCTAACAGGTGGTTCTGGTCTTGGATCAGGCAACAGTGAGGGTTTGGCTGGTGATCCCTCAGAGCCAAGTAAATCTTTTATGGCGCCTGAGAGCTGGATTTAA
maker-tig00002732_pilon-exonerate_protein2genome-gene-0.30-mRNA-1:1,-2.51951050618575,0.0353798843927433,ATGGCCTGTTCATTGAAGTGTGGTTCATATTTGTCTCTGTTCAATGAGACTATGTTGGGTTCAAATTCCATTAAGGCTGGCGGGTTTAGCACATCATTGAGTTCTTCAGAGTCCAAGGATTTAACATCAAAAAGGTTTCCTGTTTTGAGCATTGATTTTTTGGGCAAACCACTAGTTGTCCAAGATCAGAAAGGTTCAAGAAATTGGAGGCGAAAACCTGGAAACAGATTCTCTGTTCAATTTTCTATGTTGTGCTCCAAACTGATGTTAAATCAATTGGTTTTCCAGGCAGAAACAACCTGTGTGGGCAAAGGTATGAGATGGTGGGAGAAGAATCTTAGACCCAACATGGTGAAGATCCACTCGGCAGAAGAACTTGTGGGTTCATTGCAAAATGCTGGTGATAGATTGGTTATTATTGACTTCTATTCACCTGGTTGTGGGGGCTGCAAAGCTCTGCAACCTAAGATCTGTCAGCTTGCTGAACAGAATCCAAATGCGATTTTCCTAGAAGTTAACAATGAAGAGCTAAATAACATGTGCCAGTGTCTCAATATTCATGTCTTACCTTTCTTTCGGTTCTATAGAGGTGCTGAGGGGCGTCTGTGCAGCTTTAGCTGCACCAATGCTACTATCAAAAAATTCAAAGATGCATTGGCAAAGCATGGAGCTGATCGATGCAGCCTTGGCCCTGCAAAAGGTTTGGATGAGTCCGAGCTGATGAAATTATCATCAGCTGGTGAATTATCGACTAATTTACAATTACCTTCCACAAACGAAGAAAGAATGGAGGATTTGCTGACGAGAAGCATGGAACTGTCTGGTATCTTGAACAAAGCAGATGAGATTAGTTATGGAAGTGGAGTAAAGTGGCTCCAGCCTCCAATCTTTGATGTTGGAACTTCTCTTTTTCTAGTTATGACTATGAATGATGGTTTTGGATGTAAGATCACATGGGATCCCACTGGAATCCAAAATTGTCAATGA
maker-tig00020766_pilon-exonerate_protein2genome-gene-3.4-mRNA-1:1,-3.45648379876289,0.0073013781924712,ATGAGAGGGGAAAGAGAGGAAACGAAGGGTTTGAAAGAGAAGAGAGAAATGGTTAGAGGAGGGAAAGAGAGGAATGTTTTGGAGGTAGAAATGATGGTTTTGATGAATGGATTTGGGTCTTGGATAAAGTCTATTAGGAGGACTATGCGCTGGGTTTTGCTAAAGTCTGAAGATGGGTCTATGCTTCTGTCTCCATTGAAGTATGAAGAAATCTTGAAGGCTTTTTATTCGAAATGA
maker-tig00020766_pilon-exonerate_protein2genome-gene-3.4-mRNA-1:12,-3.2574797157652,0.0351042016926337,ATGAGAGGGGAAAGAGAGGAAACGAAGGGTTTGAAAGAGAAGAGAGAAATGGTTAGAGGAGGGAAAGAGAGGAATGTTTTGGAGGTAGAAATGATGGTTTTGATGAATGGATTTGGGTCTTGGATAAAGTCTATTAGGAGGACTATGCGCTGGGTTTTGCTAAAGTCTGAAGATGGGTCTATGCTTCTGTCTCCATTGAAGTATGAAGAAATCTTGAAGGCTTTTTATTCGAAATGA
